{
  "type": "minecraft:crafting_shaped",
  "group": "machine_detector",
  "pattern": [
    "DAD",
    "CEC",
    "BBB"
  ],
  "key": {
    "A": {
      "item": "minecraft:diamond_pickaxe"
    },
	"B": {
      "item": "goldrush:gear"
    },
	"C": {
      "item": "minecraft:redstone"
    },
	"D": {
      "item": "goldrush:machinery_casing"
    },
	"E": {
      "item": "goldrush:chip_advance"
    }
  },
  "result": {
    "item": "goldrush:machine_detector",
	 "count": 1
  }
}

