{
  "type": "minecraft:crafting_shaped",
  "group": "stone_multifunctional_tools",
  "pattern": [
    "A B",
    " C ",
    "D E"
  ],
  "key": {
    "A": {
      "item": "minecraft:stone_axe"
    },
	"B": {
      "item": "minecraft:stone_pickaxe"
    },
	"C": {
      "item": "goldrush:tools_core"
    },
	"D": {
      "item": "minecraft:stone_hoe"
    },
	"E": {
      "item": "minecraft:stone_shovel"
    }
  },
  "result": {
    "item": "goldrush:stone_multifunctional_tools",
	 "count": 1
  }
}

